round,global_acc,comm_mb
1,0.0,49.60144
2,0.0015463917525773197,49.60144
3,0.004746816661878082,49.60144
4,0.03370502216730262,49.60144
5,0.020355937956785888,49.60144
